-- 商品分类
INSERT INTO `__PREFIX__shopro_category` (`id`, `name`, `parent_id`, `style`, `image`, `description`, `status`, `weigh`, `createtime`, `updatetime`) VALUES (3, '一级分类01', 0, 'first_one', NULL, '', 'normal', 1, 1665647965, 1665647965), (4, '服饰鞋包', 3, NULL, 'http://file.sheepjs.com/storage/test/20220818/cbe5177c5c987ec72830fa936307b751.png', '', 'normal', 0, 1665647965, 1665647965), (5, '个护清洁', 3, NULL, 'http://file.sheepjs.com/storage/test/20220818/ea0eef9b5e58af66347cfd8fa5d5e308.png', '', 'normal', 0, 1665647965, 1665647965), (6, '居家生活', 3, NULL, 'http://file.sheepjs.com/storage/test/20220818/b505c4c6c4aefdb3467877f2ef21c534.jpg', '', 'normal', 0, 1665647965, 1665647965), (7, '母婴亲子', 3, NULL, 'http://file.sheepjs.com/storage/test/20220818/05ecdfeaee42cefa15834966a09a6bb9.png', '', 'normal', 0, 1665647965, 1665647965), (8, '数码家电', 3, NULL, 'http://file.sheepjs.com/storage/test/20220818/b330cd09cd55c038c1743aef21545241.png', '', 'normal', 0, 1665647965, 1665647965), (9, '二级分类', 0, 'second_one', NULL, '', 'normal', 0, 1665647965, 1665647965), (10, '服饰鞋包', 9, NULL, 'http://file.sheepjs.com/storage/test/20220818/cbe5177c5c987ec72830fa936307b751.png', '', 'normal', 0, 1665647965, 1665647965), (11, '居家内衣', 10, NULL, 'http://file.sheepjs.com/storage/test/20220818/708858a50c0dba3d9fff6a5e9174bcfb.png', '', 'normal', 0, 1665647965, 1665647965), (12, '男装', 10, NULL, 'http://file.sheepjs.com/storage/test/20220818/80749ed38259d70d2347a9d3157421bd.png', '', 'normal', 0, 1665647965, 1665647965), (13, '女装', 10, NULL, 'http://file.sheepjs.com/storage/test/20220818/e7d6dd5cc11b863203287e05976d5665.jpg', '', 'normal', 0, 1665647965, 1665647965), (21, '三级分类', 0, 'third_one', NULL, '', 'normal', 0, 1665647965, 1665647965), (22, '服饰鞋包', 21, NULL, 'http://file.sheepjs.com/storage/test/20220818/cbe5177c5c987ec72830fa936307b751.png', '', 'normal', 0, 1665647965, 1665647965), (23, '居家内衣', 22, NULL, '', '', 'normal', 0, 1665647965, 1665647965), (24, '男士居家服', 23, NULL, 'http://file.sheepjs.com/storage/test/20220818/510ddda19f2ca14514ed371117cbd7e8.jpg', '', 'normal', 0, 1665647965, 1665647965), (25, '男士内裤', 23, NULL, 'http://file.sheepjs.com/storage/test/20220818/1285897bd6fcc58328e1f7b9323feb96.png', '', 'normal', 0, 1665647965, 1665647965), (27, '男士内衣', 23, NULL, 'http://file.sheepjs.com/storage/test/20220818/708858a50c0dba3d9fff6a5e9174bcfb.png', '', 'normal', 0, 1665647965, 1665647965), (28, '男装', 22, NULL, '', '', 'normal', 0, 1665647965, 1665647965), (29, '男士POLO衫', 28, NULL, 'http://file.sheepjs.com/storage/test/20220818/80afcfb2714ffea3190d733188edb6e3.png', '', 'normal', 0, 1665647965, 1665647965), (30, '男士裤装', 28, NULL, 'http://file.sheepjs.com/storage/test/20220818/b9fe1efe2b26eb0f060a26bae677d30d.jpg', '', 'normal', 0, 1665647965, 1665647965), (31, '男士衬衫', 28, NULL, 'http://file.sheepjs.com/storage/test/20220818/80749ed38259d70d2347a9d3157421bd.png', '', 'normal', 0, 1665647965, 1665647965), (32, '一级分类02', 0, 'first_two', NULL, '', 'normal', 1, 1665647965, 1665647965), (33, '服饰鞋包', 32, NULL, 'http://file.sheepjs.com/storage/test/20220818/cbe5177c5c987ec72830fa936307b751.png', '', 'normal', 0, 1665647965, 1665647965), (34, '个护清洁', 32, NULL, 'http://file.sheepjs.com/storage/test/20220818/ea0eef9b5e58af66347cfd8fa5d5e308.png', '', 'normal', 0, 1665647965, 1665647965), (35, '数码家电', 32, NULL, 'http://file.sheepjs.com/storage/test/20220818/b330cd09cd55c038c1743aef21545241.png', '', 'normal', 0, 1665647965, 1665647965), (36, '母婴亲子', 32, NULL, 'http://file.sheepjs.com/storage/test/20220818/05ecdfeaee42cefa15834966a09a6bb9.png', '', 'normal', 0, 1665647965, 1665647965), (37, '居家生活', 32, NULL, 'http://file.sheepjs.com/storage/test/20220818/b505c4c6c4aefdb3467877f2ef21c534.jpg', '', 'normal', 0, 1665647965, 1665647965), (38, '女装', 22, NULL, '', '', 'normal', 0, 1665647965, 1665647965), (39, '女士衬衫', 38, NULL, 'http://file.sheepjs.com/storage/test/20220818/e7d6dd5cc11b863203287e05976d5665.jpg', '', 'normal', 0, 1665647965, 1665647965), (40, '女士裤装', 38, NULL, 'http://file.sheepjs.com/storage/test/20220818/5b6cd365026e92cb2836aa8eb9099656.png', '', 'normal', 0, 1665647965, 1665647965), (41, '女士牛仔', 38, NULL, 'http://file.sheepjs.com/storage/test/20220818/aeddb48cc40a04b4fc33d74d7ac3ebf6.png', '', 'normal', 0, 1665647965, 1665647965), (42, '女士裙装', 38, NULL, 'http://file.sheepjs.com/storage/test/20220818/7c65173947a640d6aef54c254c4a0a4a.jpg', '', 'normal', 0, 1665647965, 1665647965), (43, '女士外套', 38, NULL, 'http://file.sheepjs.com/storage/test/20220818/bdfb38417cb9058be3a89c6b8c8ee2c6.png', '', 'normal', 0, 1665647965, 1665647965), (44, '首饰配件', 22, NULL, '', '', 'normal', 0, 1665647965, 1665647965), (45, '帽子发饰', 44, NULL, 'http://file.sheepjs.com/storage/test/20220818/09f6bd0ed1ff759c9fa6fdb921e9b37e.png', '', 'normal', 0, 1665647965, 1665647965), (46, '奢华珠宝', 44, NULL, 'http://file.sheepjs.com/storage/test/20220818/1773fbfbef774a0fc993e33f04d89383.png', '', 'normal', 0, 1665647965, 1665647965), (47, '腰带腕表', 44, NULL, 'http://file.sheepjs.com/storage/test/20220818/83c037f5a658ee8c3e7107e4f9a84e76.png', '', 'normal', 0, 1665647965, 1665647965), (48, '个护清洁', 9, NULL, 'http://file.sheepjs.com/storage/test/20220818/ea0eef9b5e58af66347cfd8fa5d5e308.png', '', 'normal', 0, 1665647965, 1665647965), (49, '毛发护理', 48, NULL, 'http://file.sheepjs.com/storage/test/20220824/8d36b1b520576ae814216ee0422738ef.jpg', '', 'normal', 0, 1665647965, 1665647965), (50, '洗浴用品', 48, NULL, 'http://file.sheepjs.com/storage/test/20220824/b45c4ae6a5976b97e7cf13b1cdfa2efc.jpg', '', 'normal', 0, 1665647965, 1665647965), (51, '纸品湿巾', 48, NULL, 'http://file.sheepjs.com/storage/test/20220824/5507fb85a4e6083bc6a92538475eb4b3.jpg', '', 'normal', 0, 1665647965, 1665647965), (54, '居家生活', 9, NULL, 'http://file.sheepjs.com/storage/test/20220818/b505c4c6c4aefdb3467877f2ef21c534.jpg', '', 'normal', 0, 1665647965, 1665647965), (55, '床上用品', 54, NULL, 'http://file.sheepjs.com/storage/test/20220818/c47d0495436320166f7bc43b420895db.png', '', 'normal', 0, 1665647965, 1665647965), (56, '家居饰品', 54, NULL, 'http://file.sheepjs.com/storage/test/20220818/5b759e8a5e9710a8fe5f91cb2825dead.png', '', 'normal', 0, 1665647965, 1665647965), (57, '家具家装', 54, NULL, 'http://file.sheepjs.com/storage/test/20220818/b1e96baa73d4e331386d1d84fcc2d953.png', '', 'normal', 0, 1665647965, 1665647965), (58, '母婴亲子', 9, NULL, 'http://file.sheepjs.com/storage/test/20220818/05ecdfeaee42cefa15834966a09a6bb9.png', '', 'normal', 0, 1665647965, 1665647965), (59, '哺乳喂养', 58, NULL, 'http://file.sheepjs.com/storage/test/20220824/13f5483b79f58a130f69b307c7e93498.jpg', '', 'normal', 0, 1665647965, 1665647965), (60, '儿童玩具', 58, NULL, 'http://file.sheepjs.com/storage/test/20220824/348826c5b569ce5b1b93b44d04ce45bc.jpg', '', 'normal', 0, 1665647965, 1665647965), (61, '洗护用品', 58, NULL, 'http://file.sheepjs.com/storage/test/20220824/8ba2736e9de8d6ccfd4f07f682819761.jpg', '', 'normal', 0, 1665647965, 1665647965), (62, '数码家电', 9, NULL, 'http://file.sheepjs.com/storage/test/20220818/b330cd09cd55c038c1743aef21545241.png', '', 'normal', 0, 1665647965, 1665647965), (63, '电脑笔记本', 62, NULL, 'http://file.sheepjs.com/storage/test/20220824/ac82d6121a8e8ea60e716d57af9aa7bc.jpg', '', 'normal', 0, 1665647965, 1665647965), (64, '影音娱乐', 62, NULL, 'http://file.sheepjs.com/storage/test/20220824/e0a67ee8ff488c17a968d560c2576f0c.jpg', '', 'normal', 0, 1665647965, 1665647965), (65, '智能设备', 62, NULL, 'http://file.sheepjs.com/storage/test/20220824/c92d9778bac36015421f360c2a9c5923.jpg', '', 'normal', 0, 1665647965, 1665647965), (66, '运动旅行', 9, NULL, 'http://file.sheepjs.com/storage/test/20220818/225422d99ca344883fc5a1a52a6f2ad5.png', '', 'normal', 0, 1665647965, 1665647965), (67, '旅行用品', 66, NULL, 'http://file.sheepjs.com/storage/test/20220818/f23f0d1e07e375aaaf1e79719e77be02.png', '', 'normal', 0, 1665647965, 1665647965), (68, '男子运动', 66, NULL, 'http://file.sheepjs.com/storage/test/20220818/9ad4a70998bc4ef2c1eafe7debb7d769.png', '', 'normal', 0, 1665647965, 1665647965), (69, '女子运动', 66, NULL, 'http://file.sheepjs.com/storage/test/20220818/6f7365b7982b658790cf505f6c1c50d2.png', '', 'normal', 0, 1665647965, 1665647965), (71, '个护清洁', 21, NULL, 'http://file.sheepjs.com/storage/test/20220818/ea0eef9b5e58af66347cfd8fa5d5e308.png', '', 'normal', 0, 1665647965, 1665647965), (72, '毛发护理', 71, NULL, '', '', 'normal', 0, 1665647965, 1665647965), (73, '染发', 72, NULL, 'http://file.sheepjs.com/storage/test/20220824/61ba883e08de1208d8f1c33273a21e49.jpg', '', 'normal', 0, 1665647965, 1665647965), (74, '洗发', 72, NULL, 'http://file.sheepjs.com/storage/test/20220824/b0d18a0593132919909f52c5e2642c32.jpg', '', 'normal', 0, 1665647965, 1665647965), (75, '护发', 72, NULL, 'http://file.sheepjs.com/storage/test/20220824/8d36b1b520576ae814216ee0422738ef.jpg', '', 'normal', 0, 1665647965, 1665647965), (76, '居家生活', 21, NULL, 'http://file.sheepjs.com/storage/test/20220818/b505c4c6c4aefdb3467877f2ef21c534.jpg', '', 'normal', 0, 1665647965, 1665647965), (77, '床上用品', 76, NULL, '', '', 'normal', 0, 1665647965, 1665647965), (78, '被枕套毯', 77, NULL, 'http://file.sheepjs.com/storage/test/20220819/c47d0495436320166f7bc43b420895db.png', '', 'normal', 0, 1665647965, 1665647965), (79, '床垫床褥', 77, NULL, 'http://file.sheepjs.com/storage/test/20220819/06b66796800b7f4aeab8470cb4a89321.png', '', 'normal', 0, 1665647965, 1665647965), (80, '床品件套', 77, NULL, 'http://file.sheepjs.com/storage/test/20220819/33d7ec68ef16a1d5f6109d1eb9a11f2e.png', '', 'normal', 0, 1665647965, 1665647965), (81, '母婴亲子', 21, NULL, 'http://file.sheepjs.com/storage/test/20220818/05ecdfeaee42cefa15834966a09a6bb9.png', '', 'normal', 0, 1665647965, 1665647965), (82, '哺乳喂养', 81, NULL, '', '', 'normal', 0, 1665647965, 1665647965), (83, '儿童餐具', 82, NULL, 'http://file.sheepjs.com/storage/test/20220824/76ab1264d14c63c1bad44c340c86cda8.jpg', '', 'normal', 0, 1665647965, 1665647965), (84, '儿童水杯', 82, NULL, 'http://file.sheepjs.com/storage/test/20220824/13f5483b79f58a130f69b307c7e93498.jpg', '', 'normal', 0, 1665647965, 1665647965), (85, '奶瓶奶嘴', 82, NULL, 'http://file.sheepjs.com/storage/test/20220824/9ec961d8ef4b72b0756aa879684476f3.jpg', '', 'normal', 0, 1665647965, 1665647965), (86, '数码家电', 21, NULL, 'http://file.sheepjs.com/storage/test/20220818/b330cd09cd55c038c1743aef21545241.png', '', 'normal', 0, 1665647965, 1665647965), (87, '电脑笔记本', 86, NULL, '', '', 'normal', 0, 1665647965, 1665647965), (88, '笔记本电脑', 87, NULL, 'http://file.sheepjs.com/storage/test/20220824/ac82d6121a8e8ea60e716d57af9aa7bc.jpg', '', 'normal', 0, 1665647965, 1665647965), (89, '平板电脑', 87, NULL, 'http://file.sheepjs.com/storage/test/20220824/eeafc343e0f6fec9dc79b2d31483bd9d.jpg', '', 'normal', 0, 1665647965, 1665647965), (90, '显示器', 87, NULL, 'http://file.sheepjs.com/storage/test/20220824/533d376c6a1b4b5310ec9b9e92181526.jpg', '', 'normal', 0, 1665647965, 1665647965), (91, '影音娱乐', 86, NULL, '', '', 'normal', 0, 1665647965, 1665647965), (92, '耳机耳麦', 91, NULL, 'http://file.sheepjs.com/storage/test/20220824/e0a67ee8ff488c17a968d560c2576f0c.jpg', '', 'normal', 0, 1665647965, 1665647965), (93, '麦克风', 91, NULL, 'http://file.sheepjs.com/storage/test/20220824/c2ffe5b44c334a6b7d21e1fd390dad31.jpg', '', 'normal', 0, 1665647965, 1665647965), (94, '游戏机', 91, NULL, 'http://file.sheepjs.com/storage/test/20220824/77b0e5f70bf8eda1a5883a71d15ad3e3.jpg', '', 'normal', 0, 1665647965, 1665647965), (95, '智能设备', 86, NULL, '', '', 'normal', 0, 1665647965, 1665647965), (96, '无人机', 95, NULL, 'http://file.sheepjs.com/storage/test/20220824/d7d1fdeb6092517388b734c5262e330f.jpg', '', 'normal', 0, 1665647965, 1665647965), (97, '智能平衡车', 95, NULL, 'http://file.sheepjs.com/storage/test/20220824/8358e6cbdd13755b8453b9028b51e004.jpg', '', 'normal', 0, 1665647965, 1665647965), (98, '智能手表', 95, NULL, 'http://file.sheepjs.com/storage/test/20220824/c92d9778bac36015421f360c2a9c5923.jpg', '', 'normal', 0, 1665647965, 1665647965), (99, '运动旅行', 21, NULL, '', '', 'normal', 0, 1665647965, 1665647965), (100, '旅行用品', 99, NULL, '', '', 'normal', 0, 1665647965, 1665647965), (101, '行李箱', 100, NULL, 'http://file.sheepjs.com/storage/test/20220818/f23f0d1e07e375aaaf1e79719e77be02.png', '', 'normal', 0, 1665647965, 1665647965), (102, '颈枕眼罩', 100, NULL, 'http://file.sheepjs.com/storage/test/20220819/a572c4130e2fa02dd0e662d759480438.png', '', 'normal', 0, 1665647965, 1665647965), (103, '雨具', 100, NULL, 'http://file.sheepjs.com/storage/test/20220819/0f04320c977d2cfee319556b5a9da7a3.png', '', 'normal', 0, 1665647965, 1665647965), (104, '运动旅行', 32, NULL, '', '', 'normal', 0, 1665647965, 1665647965), (105, '运动旅行', 3, NULL, '', '', 'normal', 0, 1665647965, 1665647965), (106, '儿童玩具', 81, NULL, '', '', 'normal', 0, 1665647965, 1665647965), (107, '乐器玩具', 106, NULL, 'http://file.sheepjs.com/storage/test/20220824/348826c5b569ce5b1b93b44d04ce45bc.jpg', '', 'normal', 0, 1665647965, 1665647965), (108, '毛绒抱枕', 106, NULL, 'http://file.sheepjs.com/storage/test/20220824/e355ad36c5da1c1c2920ff5eabe63d52.jpg', '', 'normal', 0, 1665647965, 1665647965), (109, '洋娃娃', 106, NULL, 'http://file.sheepjs.com/storage/test/20220824/f293ae87a9c3e45abb6a91cc69046cc3.jpg', '', 'normal', 0, 1665647965, 1665647965), (110, '洗护用品', 81, NULL, '', '', 'normal', 0, 1665647965, 1665647965), (111, '洗澡用具', 110, NULL, 'http://file.sheepjs.com/storage/test/20220824/8ba2736e9de8d6ccfd4f07f682819761.jpg', '', 'normal', 0, 1665647965, 1665647965), (112, '婴儿沐浴露', 110, NULL, 'http://file.sheepjs.com/storage/test/20220824/d67524e24888dac4a0d7bfd565a69172.jpg', '', 'normal', 0, 1665647965, 1665647965), (113, '婴儿湿巾', 110, NULL, 'http://file.sheepjs.com/storage/test/20220824/f35bc26a8b06c591a02cd3dfcea8169b.jpg', '', 'normal', 0, 1665647965, 1665647965), (114, '箱包', 10, NULL, 'http://file.sheepjs.com/storage/test/20220819/73ef4addbf4af83f2734acb55ea72d8b.jpg', '', 'normal', 0, 1665647965, 1665647965), (115, '箱包', 22, NULL, '', '', 'normal', 0, 1665647965, 1665647965), (116, '女士包袋', 115, NULL, 'http://file.sheepjs.com/storage/test/20220819/73ef4addbf4af83f2734acb55ea72d8b.jpg', '', 'normal', 0, 1665647965, 1665647965), (117, '首饰配件', 10, NULL, 'http://file.sheepjs.com/storage/test/20220818/1773fbfbef774a0fc993e33f04d89383.png', '', 'normal', 0, 1665647965, 1665647965), (118, '鞋靴', 10, NULL, 'http://file.sheepjs.com/storage/test/20220823/c7c11ea39df1c16fe9c098e0243bfd25.png', '', 'normal', 0, 1665647965, 1665647965), (119, '洗浴用品', 71, NULL, '', '', 'normal', 0, 1665647965, 1665647965), (120, '沐浴露', 119, NULL, 'http://file.sheepjs.com/storage/test/20220825/9d14ba0a5523ac199ce2cd12abd68270.jpg', '', 'normal', 0, 1665647965, 1665647965), (121, '洗手液', 119, NULL, 'http://file.sheepjs.com/storage/test/20220824/b45c4ae6a5976b97e7cf13b1cdfa2efc.jpg', '', 'normal', 0, 1665647965, 1665647965), (122, '香皂', 119, NULL, 'http://file.sheepjs.com/storage/test/20220825/4bbe7d0af39438b693db6f987daa98de.jpg', '', 'normal', 0, 1665647965, 1665647965), (123, '毛巾', 119, NULL, 'http://file.sheepjs.com/storage/test/20220825/b9e7982d39f7072e9aff892012568425.jpg', '', 'normal', 0, 1665647965, 1665647965), (125, '纸品湿巾', 71, NULL, '', '', 'normal', 0, 1665647965, 1665647965), (126, '厨房纸巾', 125, NULL, 'http://file.sheepjs.com/storage/test/20220825/da3f813bd416f363faaa605ac175fbfe.jpg', '', 'normal', 0, 1665647965, 1665647965), (127, '湿巾', 125, NULL, 'http://file.sheepjs.com/storage/test/20220824/5507fb85a4e6083bc6a92538475eb4b3.jpg', '', 'normal', 0, 1665647965, 1665647965), (129, '纸巾', 125, NULL, 'http://file.sheepjs.com/storage/test/20220825/591644f3a5ea6f53fa0e2925c415dd2b.jpg', '', 'normal', 0, 1665647965, 1665647965), (130, '男袜', 23, NULL, 'http://file.sheepjs.com/storage/test/20220825/9c8576689ae1cb9f9a1df4e6c24e70bd.png', '', 'normal', 0, 1665647965, 1665647965), (131, '女袜', 23, NULL, 'http://file.sheepjs.com/storage/test/20220825/039e4314f21d42ec0dc778c25f06eaec.png', '', 'normal', 0, 1665647965, 1665647965), (132, '女士内衣', 23, NULL, 'http://file.sheepjs.com/storage/test/20220825/27cb77093e5d2cfa0eb262618b27996f.png', '', 'normal', 0, 1665647965, 1665647965), (133, '女士内裤', 23, NULL, 'http://file.sheepjs.com/storage/test/20220825/fd9ad4e389d906e05c102b46ba35cdf4.png', '', 'normal', 0, 1665647965, 1665647965), (135, '男士牛仔', 28, NULL, 'http://file.sheepjs.com/storage/test/20220825/6711c017c161bdd8496cb11e4dfea9b3.png', '', 'normal', 0, 1665647965, 1665647965), (136, '男士外套', 28, NULL, 'http://file.sheepjs.com/storage/test/20220825/d983527b292e17305e94f6be3b2f757f.jpg', '', 'normal', 0, 1665647965, 1665647965), (137, '眼睛墨镜', 44, NULL, 'http://file.sheepjs.com/storage/test/20220825/39c5eaed4622c2a4c9480c2f8518cd12.png', '', 'normal', 0, 1665647965, 1665647965), (138, '时尚配饰', 44, NULL, 'http://file.sheepjs.com/storage/test/20220825/2c4d579e477e08ed9d31eb7b7d5ee7b2.png', '', 'normal', 0, 1665647965, 1665647965), (139, '围巾手套', 44, NULL, 'http://file.sheepjs.com/storage/test/20220825/1bcf317d8db975dac37027b8c5faeb4b.png', '', 'normal', 0, 1665647965, 1665647965), (140, '鞋靴', 22, NULL, '', '', 'normal', 0, 1665647965, 1665647965), (141, '拖鞋', 140, NULL, 'http://file.sheepjs.com/storage/test/20220825/f0f4c0e2cec6cb326312b42f045a20fc.png', '', 'normal', 0, 1665647965, 1665647965), (142, '女鞋', 140, NULL, 'http://file.sheepjs.com/storage/test/20220825/0aceb062c4bbf75ebe59aff542871b0c.png', '', 'normal', 0, 1665647965, 1665647965), (143, '男鞋', 140, NULL, 'http://file.sheepjs.com/storage/test/20220823/c7c11ea39df1c16fe9c098e0243bfd25.png', '', 'normal', 0, 1665647965, 1665647965), (144, '鞋配', 140, NULL, 'http://file.sheepjs.com/storage/test/20220825/4d7c5428d8b39000a1a07b9cffcb1fc8.png', '', 'normal', 0, 1665647965, 1665647965), (145, '家居饰品', 76, NULL, '', '', 'normal', 0, 1665647965, 1665647965), (146, '家饰', 145, NULL, 'http://file.sheepjs.com/storage/test/20220825/83a28223fa8a74a041d3b3b005566d8e.png', '', 'normal', 0, 1665647965, 1665647965), (147, '居家布艺', 145, NULL, 'http://file.sheepjs.com/storage/test/20220825/d1c17ab34d58a284c376d8a85f7d774c.png', '', 'normal', 0, 1665647965, 1665647965), (148, '抱枕靠垫', 145, NULL, 'http://file.sheepjs.com/storage/test/20220818/5b759e8a5e9710a8fe5f91cb2825dead.png', '', 'normal', 0, 1665647965, 1665647965), (149, '家具家装', 76, NULL, '', '', 'normal', 0, 1665647965, 1665647965), (150, '卧室家居', 149, NULL, 'http://file.sheepjs.com/storage/test/20220825/72902b8ce141796b05f65545a0d31c11.png', '', 'normal', 0, 1665647965, 1665647965), (151, '客厅家具', 149, NULL, 'http://file.sheepjs.com/storage/test/20220825/326b14421329e472a43989591cf33951.png', '', 'normal', 0, 1665647965, 1665647965), (152, '办公家具', 149, NULL, 'http://file.sheepjs.com/storage/test/20220818/b1e96baa73d4e331386d1d84fcc2d953.png', '', 'normal', 0, 1665647965, 1665647965);

-- 商品
INSERT INTO `__PREFIX__shopro_goods` (`id`, `type`, `title`, `subtitle`, `category_ids`, `image`, `images`, `params`, `content`, `original_price`, `price`, `is_sku`, `limit_type`, `limit_num`, `likes`, `views`, `sales`, `sales_show_type`, `stock_show_type`, `show_sales`, `service_ids`, `dispatch_type`, `dispatch_id`, `is_offline`, `status`, `weigh`, `createtime`, `updatetime`, `deletetime`) VALUES (1, 'normal', '森马国潮短裤男夏季潮印花大码中国风裤子休闲嘻哈潮流宽松五分裤', '夏季潮印花大码中国风', '4,10,12,22,28,33', 'http://file.sheepjs.com/www/default/1.png', '["http:\/\/file.sheepjs.com\/www\/default\/2.png","http:\/\/file.sheepjs.com\/www\/default\/3.png","http:\/\/file.sheepjs.com\/www\/default\/4.png"]', '', '', 111.00, 98.00, 0, 'none', 0, 0, 738, 31, 'exact', 'exact', 123, '1,2,3,4', 'express', 1, 0, 'up', 0, 1678353033, 1678353033, NULL), (4, 'normal', '刀锋男鞋夏季透气防臭飞织运动鞋男潮流百搭休闲网面跑步鞋大码46', '夏季透气防臭', '', 'http://file.sheepjs.com/www/default/5.png', '["http:\/\/file.sheepjs.com\/www\/default\/6.png","http:\/\/file.sheepjs.com\/www\/default\/7.png","http:\/\/file.sheepjs.com\/www\/default\/8.png"]', '[{\"title\":\"\\u54c1\\u724c\",\"content\":\"\\u96c5\\u6d89\"},{\"title\":\"\\u529f\\u80fd\",\"content\":\"\\u900f\\u6c14\"},{\"title\":\"\\u95ed\\u5408\\u65b9\\u5f0f\",\"content\":\"\\u7cfb\\u5e26\"},{\"title\":\"\\u5c3a\\u7801\",\"content\":\"36 37 38 39 40 41 41 42\"},{\"title\":\"\\u98ce\\u683c\",\"content\":\"\\u9752\\u6625\\u6f6e\\u6d41\"},{\"title\":\"\\u978b\\u8ddf\\u9ad8\",\"content\":\"\\u5e73\\u8ddf\"}]', '', 0.00, 299.00, 0, 'none', 0, 0, 632, 62, 'exact', 'exact', 0, '1,2,3,4', 'express', 1, 0, 'up', 0, 1678353033, 1678353033, NULL), (5, 'normal', '中国风龙图案棒球帽男潮牌休闲鸭舌帽女潮流百搭防晒遮阳太阳帽子', '防晒遮阳太阳帽子', '4,10,22,44,33', 'http://file.sheepjs.com/www/default/9.png', '["http:\/\/file.sheepjs.com\/www\/default\/10.png","http:\/\/file.sheepjs.com\/www\/default\/11.png","http:\/\/file.sheepjs.com\/www\/default\/12.png"]', '[{\"title\":\"\\u54c1\\u724c\",\"content\":\"\\u6e10\\u6e10\\u9752\"},{\"title\":\"\\u9002\\u7528\\u5e74\\u9f84\",\"content\":\"25-29\\u5468\\u5c81\"},{\"title\":\"\\u4e3b\\u8981\\u6750\\u8d28\",\"content\":\"\\u68c9\"},{\"title\":\"\\u5c3a\\u7801\",\"content\":\"\\u53ef\\u8c03\\u8282\"},{\"title\":\"\\u98ce\\u683c\",\"content\":\"\\u8857\\u5934\"},{\"title\":\"\\u989c\\u8272\\u5206\\u7c7b\",\"content\":\"\\u767d\\u8272 \\u7c73\\u8272 \\u9ed1\\u8272\"}]', '', 46.00, 29.60, 1, 'none', 0, 0, 761, 42, 'exact', 'exact', 0, '1,2,3,4', 'express', 1, 0, 'up', 0, 1678353033, 1678353033, NULL), (6, 'normal', '嘻哈休闲运动套装男士夏季潮牌ins胖子大码青少年男装短裤短袖t恤', '休闲运动套装', '4,10,12,22,28,29,23,76,33', 'http://file.sheepjs.com/www/default/13.png', '["http:\/\/file.sheepjs.com\/www\/default\/1.png","http:\/\/file.sheepjs.com\/www\/default\/2.png","http:\/\/file.sheepjs.com\/www\/default\/3.png"]', '[{\"title\":\"\\u54c1\\u724c\",\"content\":\"\\u67d2\\u724c\"},{\"title\":\"\\u5c3a\\u7801\",\"content\":\"M L XL 2XL 3XL 4XL\"},{\"title\":\"\\u9002\\u7528\\u5b63\\u8282\",\"content\":\"\\u590f\\u5b63\"}]', '', 210.00, 129.00, 1, 'none', 0, 0, 55, 9, 'exact', 'exact', 0, '1,2,3,4', 'express', 1, 0, 'up', 0, 1678353033, 1678353033, NULL), (7, 'normal', '0-1岁婴儿童宝宝洗澡游泳戏水发条海豚小乌龟男女孩黄鸭花洒玩具', '花洒玩具', '7,58,60,81,106,36', 'http://file.sheepjs.com/www/default/4.png', '["http:\/\/file.sheepjs.com\/www\/default\/5.png","http:\/\/file.sheepjs.com\/www\/default\/6.png","http:\/\/file.sheepjs.com\/www\/default\/7.png"]', '[{\"title\":\"\\u54c1\\u724c\",\"content\":\"\\u5176\\u4ed6\"},{\"title\":\"\\u9002\\u7528\\u5e74\\u9f84\",\"content\":\"2\\u5c81 3\\u5c81 4\\u5c81 5\\u5c81 6\\u5c81 7\\u5c81 8\\u5c81\"},{\"title\":\"\\u7c7b\\u578b\",\"content\":\"\\u53d1\\u6761\\u7c7b\\u620f\\u6c34\\u73a9\\u5177\"},{\"title\":\"\\u6750\\u8d28\",\"content\":\"\\u5851\\u6599\"}]', '', 12.00, 9.90, 1, 'none', 0, 0, 138, 7, 'exact', 'exact', 0, '1,2,3,4', 'express', 1, 0, 'up', 0, 1678353033, 1678353033, NULL), (8, 'normal', '新加坡hegen新生儿240ml宽口奶瓶PPSU婴儿断奶神器仿母乳', '断奶神器仿母乳', '', 'http://file.sheepjs.com/www/default/8.png', '["http:\/\/file.sheepjs.com\/www\/default\/9.png","http:\/\/file.sheepjs.com\/www\/default\/10.png","http:\/\/file.sheepjs.com\/www\/default\/11.png"]', '[{\"title\":\"\\u54c1\\u724c\",\"content\":\"HEGEN\"},{\"title\":\"\\u9002\\u7528\\u5e74\\u9f84\",\"content\":\"\\u65b0\\u751f 1\\u4e2a\\u6708 2\\u4e2a\\u6708 3\\u4e2a\\u6708 4\\u4e2a\\u6708\"},{\"title\":\"\\u6750\\u8d28\",\"content\":\"PPSU\"},{\"title\":\"\\u5bb9\\u91cf\",\"content\":\"150mL\"},{\"title\":\"\\u53e3\\u5f84\\u5927\\u5c0f\",\"content\":\"\\u5bbd\\u53e3\\u5f84\"}]', '', 1196.00, 598.00, 0, 'none', 0, 0, 47, 1, 'exact', 'exact', 0, '1,2,3,4', 'express', 1, 0, 'up', 0, 1678353033, 1678353033, NULL), (9, 'normal', '世喜吸管奶瓶 大宝宝奶瓶一岁以上宽口径防摔鸭嘴杯PPSU婴儿奶瓶300ml带手柄带吸管', '宽口径防摔鸭嘴', '7,58,59,81,82,85,36', 'http://file.sheepjs.com/www/default/10.png', '["http:\/\/file.sheepjs.com\/www\/default\/11.png","http:\/\/file.sheepjs.com\/www\/default\/12.png","http:\/\/file.sheepjs.com\/www\/default\/13.png"]', '[{\"title\":\"\\u54c1\\u724c\",\"content\":\"\\u4e16\\u559c\"},{\"title\":\"\\u6750\\u8d28\",\"content\":\"ppsu\"},{\"title\":\"\\u53e3\\u5f84\",\"content\":\"\\u5bbd\\u53e3\\u5f84\"}]', '', 240.00, 195.00, 0, 'none', 0, 0, 196, 8, 'exact', 'exact', 0, '1,2,3,4', 'express', 1, 0, 'up', 0, 1678353033, 1678353033, NULL), (12, 'normal', 'COACH蔻驰女包奢侈品官网奥莱山茶花Parker女士单肩包斜挎链条包', 'COACH蔻驰女包', '4,10,114,22,115,116,33', 'http://file.sheepjs.com/www/default/1.png', '["http:\/\/file.sheepjs.com\/www\/default\/2.png","http:\/\/file.sheepjs.com\/www\/default\/3.png","http:\/\/file.sheepjs.com\/www\/default\/4.png"]', '[{\"title\":\"\\u54c1\\u724c\",\"content\":\"COACH\\/\\u853b\\u9a70coach\"},{\"title\":\"\\u8d28\\u5730\",\"content\":\"PVC\"},{\"title\":\"\\u95ed\\u5408\\u65b9\\u5f0f\",\"content\":\"\\u9501\\u6263\"},{\"title\":\"\\u56fe\\u6848\",\"content\":\"\\u6761\\u7eb9\"},{\"title\":\"\\u98ce\\u683c\",\"content\":\"\\u6b27\\u7f8e\\u65f6\\u5c1a\"}]', '', 3168.00, 2199.00, 1, 'none', 0, 0, 21, 1, 'exact', 'exact', 0, '1,2,3,4', 'express', 1, 0, 'up', 0, 1678353033, 1678353033, NULL), (13, 'normal', 'WANGXO白色无袖连衣裙女2022夏季改良旗袍裙高级感收腰设计感小众', '白色无袖连衣裙', '4,10,13,22,38,42,33', 'http://file.sheepjs.com/www/default/5.png', '["http:\/\/file.sheepjs.com\/www\/default\/6.png","http:\/\/file.sheepjs.com\/www\/default\/7.png","http:\/\/file.sheepjs.com\/www\/default\/8.png"]', '[{\"title\":\"\\u54c1\\u724c\",\"content\":\"\\u6735\\u4ee5\"},{\"title\":\"\\u6750\\u8d28\",\"content\":\"\\u7f0e\\u9762\"},{\"title\":\"\\u989c\\u8272\",\"content\":\"\\u767d\\u8272 \\u9ed1\\u8272\"}]', '', 389.00, 298.00, 1, 'none', 0, 0, 17, 0, 'exact', 'exact', 0, '1,2,3,4', 'express', 1, 0, 'up', 0, 1678353033, 1678353033, NULL), (14, 'normal', '华为笔记本电脑MateBook D 14 2022款 14英寸 11代酷睿 i5 16G+512G 锐炬显卡 轻薄本护眼全面屏 银', '轻薄本护眼全面屏', '8,62,63,86,87,88,35', 'http://file.sheepjs.com/www/default/9.png', '["http:\/\/file.sheepjs.com\/www\/default\/10.png","http:\/\/file.sheepjs.com\/www\/default\/11.png","http:\/\/file.sheepjs.com\/www\/default\/12.png"]', '[{\"title\":\"\\u578b\\u53f7\",\"content\":\"NDIODE WFH9\"},{\"title\":\"\\u7535\\u6c60\\u5bb9\\u91cf\",\"content\":\"56Wh\"},{\"title\":\"\\u5904\\u7406\\u5668\",\"content\":\"\\u7b2c\\u5341\\u4e00\\u4ee3\\u667a\\u80fd\\u82f1\\u7279\\u5c14\\u9177\\u777fI5\\u5904\\u7406\\u5668\"},{\"title\":\"\\u663e\\u793a\\u5668\",\"content\":\"14\\u5bf8\"},{\"title\":\"\\u663e\\u5361\",\"content\":\"\\u96c6\\u6210\\u663e\\u5361\"}]', '', 5380.00, 4498.00, 1, 'none', 0, 0, 57, 0, 'exact', 'exact', 0, '1,2,3,4', 'express', 1, 0, 'up', 0, 1678353033, 1678353033, NULL), (15, 'normal', 'WANGXO 黄色缎面连衣裙女2022夏季新款法式气质绑带不规则中长裙', '2022夏季新款法式气质', '4,10,13,22,38,42,33', 'http://file.sheepjs.com/www/default/13.png', '["http:\/\/file.sheepjs.com\/www\/default\/1.png","http:\/\/file.sheepjs.com\/www\/default\/2.png","http:\/\/file.sheepjs.com\/www\/default\/3.png"]', '[{\"title\":\"\\u54c1\\u724c\",\"content\":\"\\u7eee\\u4e3d\"},{\"title\":\"\\u9002\\u7528\",\"content\":\"\\u804c\\u573a  \\u5bb4\\u4f1a\"},{\"title\":\"\\u6750\\u8d28\",\"content\":\"\\u7f0e\\u9762\"}]', '', 389.00, 298.00, 1, 'none', 0, 0, 70, 3, 'exact', 'exact', 0, '1,2,3,4', 'express', 1, 0, 'up', 0, 1678353033, 1678353033, NULL), (16, 'normal', '迪士尼儿童水杯带吸管 tritan夏季可爱双饮塑料壶幼儿园男女小学生户外便携弹盖直饮喝水杯子550ML米奇8082', '儿童水杯带吸管', '7,58,59,81,82,84,36', 'http://file.sheepjs.com/www/default/4.png', '["http:\/\/file.sheepjs.com\/www\/default\/5.png","http:\/\/file.sheepjs.com\/www\/default\/6.png","http:\/\/file.sheepjs.com\/www\/default\/7.png"]', '[{\"title\":\"\\u54c1\\u724c\",\"content\":\"\\u8fea\\u58eb\\u5c3c\"},{\"title\":\"\\u6750\\u8d28\",\"content\":\"ppsu\"},{\"title\":\"\\u7c7b\\u522b\",\"content\":\"\\u5927\\u809a\\u676f\"},{\"title\":\"\\u9002\\u7528\\u4eba\\u7fa4\",\"content\":\"\\u513f\\u7ae5\"}]', '', 126.00, 89.00, 1, 'none', 0, 0, 136, 5, 'exact', 'exact', 0, '1,2,3,4', 'express', 1, 0, 'up', 0, 1678353033, 1678353033, NULL), (17, 'normal', '漫步者(EDIFIER) HECATE G2专业版 USB7.1声道 游戏耳机电竞耳麦头戴式电脑耳机麦克风吃鸡耳机带线控 黑色', '麦克风吃鸡耳机带线控', '8,62,64,86,91,92,35', 'http://file.sheepjs.com/www/default/8.png', '["http:\/\/file.sheepjs.com\/www\/default\/9.png","http:\/\/file.sheepjs.com\/www\/default\/10.png","http:\/\/file.sheepjs.com\/www\/default\/11.png"]', '[{\"title\":\"\\u9891\\u54cd\\u8303\\u56f4\",\"content\":\"20Hz-20KHz\"},{\"title\":\"\\u7ebf\\u578b\",\"content\":\"\\u5355\\u8fb9\\u5bfc\\u7ebf\"},{\"title\":\"\\u632f\\u819c\\u5c3a\\u5bf8\",\"content\":\"50mm\"}]', '', 389.00, 299.00, 1, 'none', 0, 0, 132, 7, 'exact', 'exact', 0, '1,2,3,4', 'express', 1, 0, 'up', 0, 1678353033, 1678353033, NULL), (18, 'normal', 'Apple Watch Series 7 智能手表GPS款41 毫米星光色铝金属表壳星光色运动型表带MKMY3CHA', '智能手表GPS', '8,62,65,91,95,98,35', 'http://file.sheepjs.com/www/default/12.png', '["http:\/\/file.sheepjs.com\/www\/default\/13.png","http:\/\/file.sheepjs.com\/www\/default\/1.png","http:\/\/file.sheepjs.com\/www\/default\/2.png"]', '[{\"title\":\"\\u578b\\u53f7\",\"content\":\"JWFBKDOSL\"},{\"title\":\"\\u7cfb\\u7edf\",\"content\":\"WatchOS\"}]', '', 4999.00, 2999.00, 1, 'none', 0, 0, 59, 0, 'exact', 'exact', 0, '1,2,3,4', 'express', 1, 0, 'up', 0, 1678353033, 1678353033, NULL), (19, 'normal', 'Apple iPhone 13 Pro Max (A2644) 256GB 苍岭绿色 支持移动联通电信5G 双卡双待手机', 'Apple iPhone 13 Pro Max (A2644) 256GB 苍岭绿色 支持移动联通电信5G 双卡双待手机', '8,62,86,95,98,35', 'http://file.sheepjs.com/www/default/3.png', '["http:\/\/file.sheepjs.com\/www\/default\/4.png","http:\/\/file.sheepjs.com\/www\/default\/5.png","http:\/\/file.sheepjs.com\/www\/default\/6.png"]', '[]', '', 9800.00, 7980.00, 0, 'none', 0, 0, 44, 1, 'exact', 'exact', 0, '1,2,3,4', 'express', 1, 0, 'up', 0, 1678353033, 1678353033, NULL), (21, 'normal', 'CACUSS B0520帽子男百搭潮流棒球帽女休闲户外鸭舌帽时尚情侣款遮阳帽教师节礼物 卡其色均码适用头围57-59CM', '百搭潮流棒球帽', '4,10,45,33', 'http://file.sheepjs.com/www/default/7.png', '["http:\/\/file.sheepjs.com\/www\/default\/8.png","http:\/\/file.sheepjs.com\/www\/default\/9.png","http:\/\/file.sheepjs.com\/www\/default\/10.png"]', '[{\"title\":\"\\u5546\\u54c1\\u7f16\\u53f7\",\"content\":\"190395003\"},{\"title\":\"\\u9002\\u7528\\u6027\\u522b\",\"content\":\"\\u901a\\u7528\"},{\"title\":\"\\u6750\\u8d28\",\"content\":\"\\u68c9\"},{\"title\":\"\\u6d41\\u884c\\u5143\\u7d20\",\"content\":\"\\u8f66\\u7f1d\\u7ebf\"},{\"title\":\"\\u98ce\\u683c\",\"content\":\"\\u767e\\u642d\"},{\"title\":\"\\u9002\\u7528\\u5b63\\u8282\",\"content\":\"\\u56db\\u5b63\\u901a\\u7528\"}]', '', 89.00, 69.00, 1, 'none', 0, 0, 18, 3, 'exact', 'exact', 0, '1,2,3,4', 'express', 1, 0, 'up', 0, 1678353033, 1678353033, NULL), (22, 'normal', '猫人男士睡衣男夏季100%纯棉薄款圆领套头短袖套装男ins潮休闲运动可外穿家居服', '休闲运动可外穿家居服', '4,10,11,22,23,24,33', 'http://file.sheepjs.com/www/default/11.png', '["http:\/\/file.sheepjs.com\/www\/default\/12.png","http:\/\/file.sheepjs.com\/www\/default\/13.png","http:\/\/file.sheepjs.com\/www\/default\/1.png"]', '[{\"title\":\"\\u6750\\u8d28\",\"content\":\"\\u68c9\"},{\"title\":\"\\u539a\\u5ea6\",\"content\":\"\\u5e38\\u89c4\"},{\"title\":\"\\u9002\\u7528\\u5b63\\u8282\",\"content\":\"\\u590f\\u5b63\"},{\"title\":\"\\u7a7f\\u7740\\u65b9\\u5f0f\",\"content\":\"\\u5957\\u5934\"},{\"title\":\"\\u88e4\\u957f\",\"content\":\"\\u77ed\\u88e4\"},{\"title\":\"\\u5206\\u683c\",\"content\":\"\\u6587\\u827a\\u98ce\"}]', '', 110.00, 99.00, 1, 'none', 0, 0, 48, 13, 'exact', 'exact', 0, '1,2,3,4', 'express', 1, 0, 'up', 0, 1678353033, 1678353033, NULL), (24, 'normal', '【UPF80+】波司登防晒衣2022年夏季防紫外线冰丝皮肤衣外套女B20525252-Y', '夏季防紫外线冰丝', '4,10,13,22,38,43,33', 'http://file.sheepjs.com/www/default/2.png', '["http:\/\/file.sheepjs.com\/www\/default\/3.png","http:\/\/file.sheepjs.com\/www\/default\/4.png","http:\/\/file.sheepjs.com\/www\/default\/5.png"]', '[{\"title\":\"\\u539a\\u5ea6\",\"content\":\"\\u8584\\u6b3e\"},{\"title\":\"\\u8863\\u957f\",\"content\":\"\\u77ed\\u6b3e\"},{\"title\":\"\\u4f11\\u95f2\\u98ce\",\"content\":\"\\u7b80\\u7ea6\"},{\"title\":\"\\u6d41\\u884c\\u5143\\u7d20\",\"content\":\"\\u53e3\\u888b\"}]', '', 420.00, 349.00, 1, 'none', 0, 0, 255, 9, 'exact', 'exact', 0, '1,2,3,4', 'express', 1, 0, 'up', 0, 1678353033, 1678353033, NULL), (26, 'normal', 'SOO行李箱男万向轮拉杆箱耐磨抗摔26英寸A330旅行箱密码箱女', '万向轮拉杆箱耐磨抗摔', '105,66,67,99,100,101,104', 'http://file.sheepjs.com/www/default/6.png', '["http:\/\/file.sheepjs.com\/www\/default\/7.png","http:\/\/file.sheepjs.com\/www\/default\/8.png","http:\/\/file.sheepjs.com\/www\/default\/9.png"]', '[{\"title\":\"\\u4ea7\\u54c1\\u51c0\\u91cd\",\"content\":\"4.78kg\"},{\"title\":\"\\u624b\\u67c4\\u5bbd\\u5ea6\",\"content\":\"18cm\"},{\"title\":\"\\u5546\\u54c1\\u627f\\u91cd\",\"content\":\"45kg\"},{\"title\":\"\\u8f6e\\u5b50\\u76f4\\u5f84\",\"content\":\"5.6cm\"},{\"title\":\"\\u62c9\\u6746\\u957f\\u5ea6\",\"content\":\"40cm\"}]', '', 279.00, 168.00, 1, 'none', 0, 0, 230, 5, 'exact', 'exact', 0, '1,2,3,4', 'express', 1, 0, 'up', 0, 1678353033, 1678353033, NULL), (29, 'normal', '水星家纺 床上四件套100%纯棉被套床单枕套床上用品套件全棉被罩被单1.8米床弗利安', '100%纯棉', '6,54,55,76,77,80,37', 'http://file.sheepjs.com/www/default/10.png', '["http:\/\/file.sheepjs.com\/www\/default\/11.png","http:\/\/file.sheepjs.com\/www\/default\/12.png","http:\/\/file.sheepjs.com\/www\/default\/13.png"]', '[{\"title\":\"\\u54c1\\u724c\",\"content\":\"\\u6c34\\u661f\\u5bb6\\u7eba\"},{\"title\":\"\\u6750\\u8d28\",\"content\":\"\\u7eaf\\u68c9\"},{\"title\":\"\\u5c3a\\u7801\",\"content\":\"180*200\"}]', '', 368.00, 298.00, 0, 'none', 0, 0, 14, 1, 'exact', 'exact', 0, '1,2,3,4', 'express', 1, 0, 'up', 0, 1678353033, 1678353033, NULL), (30, 'normal', '心相印卷纸厨房卷纸 吸油吸水厨房用纸 75节2卷纸巾 加厚擦手纸 食品接触级（有印花 新旧随机发货）', '吸油吸水厨房用纸', '5,48,51,71,125,126,34', 'http://file.sheepjs.com/www/default/1.png', '["http:\/\/file.sheepjs.com\/www\/default\/2.png","http:\/\/file.sheepjs.com\/www\/default\/3.png","http:\/\/file.sheepjs.com\/www\/default\/4.png"]', '[{\"title\":\"\\u9002\\u7528\\u573a\\u6240\",\"content\":\"\\u53a8\\u623f\"},{\"title\":\"\\u6750\\u8d28\",\"content\":\"\\u68c9\"}]', '', 20.00, 16.00, 0, 'none', 0, 0, 28, 3, 'exact', 'exact', 0, '1,2,3,4', 'express', 1, 0, 'up', 0, 1678353033, 1678353033, NULL), (31, 'normal', '洁丽雅（Grace）3条抗菌新疆棉毛巾 纯棉柔软家用洗脸吸水情侣擦脸洗澡巾 AAA级抗菌 7234cm', 'AAA级抗菌', '5,50,71,119,123', 'http://file.sheepjs.com/www/default/5.png', '["http:\/\/file.sheepjs.com\/www\/default\/6.png","http:\/\/file.sheepjs.com\/www\/default\/7.png","http:\/\/file.sheepjs.com\/www\/default\/8.png"]', '[{\"title\":\"\\u6750\\u8d28\",\"content\":\"\\u68c9\"},{\"title\":\"\\u6570\\u91cf\",\"content\":\"3\\u6761\"}]', '', 0.00, 15.00, 0, 'none', 0, 0, 17, 7, 'exact', 'exact', 0, '1,4,2,3', 'express', 1, 0, 'up', 0, 1678353033, 1678353033, NULL);

-- 商品规格项
INSERT INTO `__PREFIX__shopro_goods_sku` (`id`, `name`, `parent_id`, `goods_id`, `weigh`) VALUES (1, '颜色', 0, 5, 0), (2, '米色', 1, 5, 0), (3, '黑色', 1, 5, 0), (4, '白色', 1, 5, 0), (5, '颜色', 0, 6, 0), (6, '灰色', 5, 6, 0), (7, '蓝色', 5, 6, 0), (8, '黑色', 5, 6, 0), (9, '白色', 5, 6, 0), (10, '种类', 0, 7, 0), (11, '小海豚', 10, 7, 0), (12, '小鸭子', 10, 7, 0), (13, '小青蛙', 10, 7, 0), (14, '颜色', 0, 12, 0), (15, '白色', 14, 12, 0), (16, '棕色', 14, 12, 0), (17, '红色', 14, 12, 0), (18, '颜色', 0, 13, 0), (19, '黑色', 18, 13, 0), (20, '白色', 18, 13, 0), (21, '尺码', 0, 13, 0), (22, 'S', 21, 13, 0), (23, 'M', 21, 13, 0), (24, 'XL', 21, 13, 0), (25, 'XXL', 21, 13, 0), (26, '尺码', 0, 6, 0), (27, 'M', 26, 6, 0), (28, 'XL', 26, 6, 0), (29, '版本', 0, 14, 0), (30, 'MateBook D 14 2022款', 29, 14, 0), (31, '颜色', 0, 14, 0), (32, 'i5 16G 512G 皓月银', 31, 14, 0), (33, 'i5 16G 512G 深空灰', 31, 14, 0), (34, '颜色', 0, 15, 0), (35, '蓝色', 34, 15, 0), (36, '黄色', 34, 15, 0), (37, '颜色', 0, 16, 0), (38, '米奇色', 37, 16, 0), (39, '苏菲紫', 37, 16, 0), (40, '米妮粉', 37, 16, 0), (41, '颜色', 0, 17, 0), (42, '白色', 41, 17, 0), (43, '黑色', 41, 17, 0), (44, '黄色', 41, 17, 0), (45, '颜色', 0, 18, 0), (46, '白色', 45, 18, 0), (47, '蓝色', 45, 18, 0), (48, '黑色', 45, 18, 0), (49, '颜色', 0, 21, 0), (50, '黑色', 49, 21, 0), (51, '米色', 49, 21, 0), (52, '尺码', 0, 22, 0), (53, 'L', 52, 22, 0), (54, 'XL', 52, 22, 0), (55, '2XL', 52, 22, 0), (56, '3XL', 52, 22, 0), (65, '颜色', 0, 24, 0), (66, '绿色', 65, 24, 0), (67, '粉色', 65, 24, 0), (68, '尺码', 0, 24, 0), (69, 'M', 68, 24, 0), (70, 'X', 68, 24, 0), (71, 'XL', 68, 24, 0), (72, '2XL', 68, 24, 0), (73, '颜色', 0, 26, 0), (74, '银色', 73, 26, 0), (75, '绿色', 73, 26, 0), (76, '黑色', 73, 26, 0), (77, '尺码', 0, 26, 0), (78, '22寸', 77, 26, 0), (79, '24寸', 77, 26, 0), (80, '26寸', 77, 26, 0);

-- 配送方式
INSERT INTO `__PREFIX__shopro_dispatch` (`id`, `name`, `type`, `status`, `createtime`, `updatetime`) VALUES (1, '全国包邮', 'express', 'normal', 1678353033, 1678353033);
INSERT INTO `__PREFIX__shopro_dispatch_express` (`id`, `dispatch_id`, `type`, `first_num`, `first_price`, `additional_num`, `additional_price`, `province_ids`, `city_ids`, `district_ids`, `weigh`, `createtime`, `updatetime`) VALUES (1, 1, 'number', 10, '0.00', 0, '0.00', '11,12,13,14,15,21,22,23,31,32,33,34,35,36,37,41,42,43,44,45,46,50,51,52,53,54,61,62,63,64,65', '', '', 0, 1678353033, 1678353033);

-- 商品规格
INSERT INTO `__PREFIX__shopro_goods_sku_price` (`id`, `goods_sku_ids`, `goods_sku_text`, `goods_id`, `image`, `stock`, `stock_warning`, `sales`, `sn`, `weight`, `cost_price`, `original_price`, `price`, `status`, `weigh`, `createtime`, `updatetime`) VALUES (1, NULL, NULL, 1, NULL, 8947, NULL, 31, '001', 1.00, 70.00, 111.00, 98.00, 'up', 0, 1665647965, 1665647965), (4, NULL, NULL, 4, NULL, 3510, NULL, 62, '', 0.00, 100.00, 0.00, 299.00, 'up', 0, 1665647965, 1665647965), (5, '2', '米色', 5, '', 11, NULL, 21, '', 0.00, 15.00, 46.00, 29.80, 'up', 0, 1665647965, 1665647965), (6, '3', '黑色', 5, '', 16, NULL, 12, '', 0.00, 15.00, 46.00, 29.70, 'up', 0, 1665647965, 1665647965), (7, '4', '白色', 5, '', 109, NULL, 9, '', 0.00, 15.00, 46.00, 29.60, 'up', 0, 1665647965, 1665647965), (12, '11', '小海豚', 7, '', 16, NULL, 2, '', 0.00, 3.00, 12.00, 9.90, 'up', 0, 1665647965, 1665647965), (13, '12', '小鸭子', 7, '', 13, NULL, 5, '', 0.00, 3.00, 12.00, 9.90, 'up', 0, 1665647965, 1665647965), (14, '13', '小青蛙', 7, '', 17, NULL, 0, '', 0.00, 3.00, 12.00, 9.90, 'up', 0, 1665647965, 1665647965), (15, NULL, NULL, 8, NULL, 23, NULL, 1, '', 0.00, 300.00, 1196.00, 598.00, 'up', 0, 1665647965, 1665647965), (16, NULL, NULL, 9, NULL, 13, NULL, 8, '', 0.00, 100.00, 240.00, 195.00, 'up', 0, 1665647965, 1665647965), (19, '15', '白色', 12, '', 16, NULL, 0, '', 0.00, 1800.00, 3168.00, 2199.00, 'up', 0, 1665647965, 1665647965), (20, '16', '棕色', 12, '', 15, NULL, 1, '', 0.00, 1800.00, 3168.00, 2199.00, 'up', 0, 1665647965, 1665647965), (21, '17', '红色', 12, '', 16, NULL, 0, '', 0.00, 1800.00, 3168.00, 2199.00, 'up', 0, 1665647965, 1665647965), (22, '19,22', '黑色,S', 13, '', 16, NULL, 0, '', 0.00, 150.00, 389.00, 298.00, 'up', 0, 1665647965, 1665647965), (23, '20,22', '白色,S', 13, '', 16, NULL, 0, '', 0.00, 150.00, 389.00, 298.00, 'up', 0, 1665647965, 1665647965), (24, '19,23', '黑色,M', 13, '', 16, NULL, 0, '', 0.00, 150.00, 389.00, 298.00, 'up', 0, 1665647965, 1665647965), (25, '20,23', '白色,M', 13, '', 16, NULL, 0, '', 0.00, 150.00, 389.00, 298.00, 'up', 0, 1665647965, 1665647965), (26, '19,24', '黑色,XL', 13, '', 16, NULL, 0, '', 0.00, 150.00, 389.00, 298.00, 'up', 0, 1665647965, 1665647965), (27, '20,24', '白色,XL', 13, '', 16, NULL, 0, '', 0.00, 150.00, 389.00, 298.00, 'up', 0, 1665647965, 1665647965), (28, '19,25', '黑色,XXL', 13, '', 16, NULL, 0, '', 0.00, 150.00, 389.00, 298.00, 'up', 0, 1665647965, 1665647965), (29, '20,25', '白色,XXL', 13, '', 15, NULL, 0, '', 0.00, 150.00, 389.00, 298.00, 'up', 0, 1665647965, 1665647965), (30, '6,27', '灰色,M', 6, '', 100, NULL, 0, '', 0.00, 80.00, 210.00, 129.00, 'up', 0, 1665647965, 1665647965), (31, '7,27', '蓝色,M', 6, '', 100, NULL, 0, '', 0.00, 80.00, 210.00, 129.00, 'up', 0, 1665647965, 1665647965), (32, '8,27', '黑色,M', 6, '', 100, NULL, 0, '', 0.00, 80.00, 210.00, 129.00, 'up', 0, 1665647965, 1665647965), (33, '9,27', '白色,M', 6, '', 100, NULL, 0, '', 0.00, 80.00, 210.00, 129.00, 'up', 0, 1665647965, 1665647965), (34, '6,28', '灰色,XL', 6, '', 98, NULL, 2, '', 0.00, 80.00, 210.00, 129.00, 'up', 0, 1665647965, 1665647965), (35, '7,28', '蓝色,XL', 6, '', 100, NULL, 0, '', 0.00, 80.00, 210.00, 129.00, 'up', 0, 1665647965, 1665647965), (36, '8,28', '黑色,XL', 6, '', 108, NULL, 2, '', 0.00, 80.00, 210.00, 129.00, 'up', 0, 1665647965, 1665647965), (37, '9,28', '白色,XL', 6, '', 101, NULL, 5, '', 0.00, 80.00, 210.00, 129.00, 'up', 0, 1665647965, 1665647965), (38, '30,32', 'MateBook D 14 2022款,i5 16G 512G 皓月银', 14, '', 20, NULL, 0, '', 0.00, 4000.00, 5380.00, 4498.00, 'up', 0, 1665647965, 1665647965), (39, '30,33', 'MateBook D 14 2022款,i5 16G 512G 深空灰', 14, '', 20, NULL, 0, '', 0.00, 4000.00, 5380.00, 4498.00, 'up', 0, 1665647965, 1665647965), (40, '35', '蓝色', 15, '', 20, NULL, 3, '', 0.00, 189.00, 389.00, 298.00, 'up', 0, 1665647965, 1665647965), (41, '36', '黄色', 15, '', 20, NULL, 0, '', 0.00, 189.00, 389.00, 298.00, 'up', 0, 1665647965, 1665647965), (42, '38', '米奇色', 16, '', 19, NULL, 1, '', 0.00, 50.00, 126.00, 89.00, 'up', 0, 1665647965, 1665647965), (43, '39', '苏菲紫', 16, '', 29, NULL, 3, '', 0.00, 50.00, 126.00, 89.00, 'up', 0, 1665647965, 1665647965), (44, '40', '米妮粉', 16, '', 19, NULL, 1, '', 0.00, 50.00, 126.00, 89.00, 'up', 0, 1665647965, 1665647965), (45, '42', '白色', 17, '', 19, NULL, 1, '', 0.00, 120.00, 389.00, 299.00, 'up', 0, 1665647965, 1665647965), (46, '43', '黑色', 17, '', 27, NULL, 5, '', 0.00, 120.00, 389.00, 299.00, 'up', 0, 1665647965, 1665647965), (47, '44', '黄色', 17, '', 19, NULL, 1, '', 0.00, 120.00, 389.00, 299.00, 'up', 0, 1665647965, 1665647965), (48, '46', '白色', 18, '', 19, NULL, 0, '', 0.00, 2000.00, 4999.00, 2999.00, 'up', 0, 1665647965, 1665647965), (49, '47', '蓝色', 18, '', 20, NULL, 0, '', 0.00, 2000.00, 4999.00, 2999.00, 'up', 0, 1665647965, 1665647965), (50, '48', '黑色', 18, '', 20, NULL, 0, '', 0.00, 2000.00, 4999.00, 2999.00, 'up', 0, 1665647965, 1665647965), (51, NULL, NULL, 19, NULL, 19, NULL, 1, '', 0.00, 6000.00, 9800.00, 7980.00, 'up', 0, 1665647965, 1665647965), (53, '50', '黑色', 21, '', 18, NULL, 0, '', 0.00, 30.00, 89.00, 69.00, 'up', 0, 1665647965, 1665647965), (54, '51', '米色', 21, '', 15, NULL, 3, '', 0.00, 30.00, 89.00, 69.00, 'up', 0, 1665647965, 1665647965), (55, '53', 'L', 22, '', 14, NULL, 3, '', 0.00, 50.00, 110.00, 99.00, 'up', 0, 1665647965, 1665647965), (56, '54', 'XL', 22, '', 15, NULL, 2, '', 0.00, 50.00, 110.00, 99.00, 'up', 0, 1665647965, 1665647965), (57, '55', '2XL', 22, '', 9, NULL, 8, '', 0.00, 50.00, 110.00, 99.00, 'up', 0, 1665647965, 1665647965), (58, '56', '3XL', 22, '', 17, NULL, 0, '', 0.00, 50.00, 110.00, 99.00, 'up', 0, 1665647965, 1665647965), (67, '66,69', '绿色,M', 24, '', 18, NULL, 1, '', 0.00, 210.00, 420.00, 349.00, 'down', 0, 1665647965, 1665647965), (68, '67,69', '粉色,M', 24, '', 17, NULL, 2, '', 0.00, 210.00, 420.00, 349.00, 'up', 0, 1665647965, 1665647965), (69, '66,70', '绿色,X', 24, '', 17, NULL, 2, '', 0.00, 210.00, 420.00, 349.00, 'up', 0, 1665647965, 1665647965), (70, '67,70', '粉色,X', 24, '', 19, NULL, 0, '', 0.00, 210.00, 420.00, 349.00, 'up', 0, 1665647965, 1665647965), (71, '66,71', '绿色,XL', 24, '', 18, NULL, 1, '', 0.00, 210.00, 420.00, 349.00, 'up', 0, 1665647965, 1665647965), (72, '67,71', '粉色,XL', 24, '', 15, NULL, 3, '', 0.00, 210.00, 420.00, 349.00, 'up', 0, 1665647965, 1665647965), (73, '66,72', '绿色,2XL', 24, '', 19, NULL, 0, '', 0.00, 210.00, 420.00, 349.00, 'up', 0, 1665647965, 1665647965), (74, '67,72', '粉色,2XL', 24, '', 19, NULL, 0, '', 0.00, 210.00, 420.00, 349.00, 'up', 0, 1665647965, 1665647965), (75, '74,78', '银色,22寸', 26, '', 16, NULL, 2, '', 0.00, 120.00, 279.00, 168.00, 'up', 0, 1665647965, 1665647965), (76, '75,78', '绿色,22寸', 26, '', 18, NULL, 0, '', 0.00, 120.00, 279.00, 168.00, 'up', 0, 1665647965, 1665647965), (77, '76,78', '黑色,22寸', 26, '', 18, NULL, 0, '', 0.00, 120.00, 279.00, 168.00, 'up', 0, 1665647965, 1665647965), (78, '74,79', '银色,24寸', 26, '', 15, NULL, 1, '', 0.00, 120.00, 279.00, 168.00, 'up', 0, 1665647965, 1665647965), (79, '75,79', '绿色,24寸', 26, '', 18, NULL, 0, '', 0.00, 120.00, 279.00, 168.00, 'up', 0, 1665647965, 1665647965), (80, '76,79', '黑色,24寸', 26, '', 18, NULL, 0, '', 0.00, 120.00, 279.00, 168.00, 'up', 0, 1665647965, 1665647965), (81, '74,80', '银色,26寸', 26, '', 17, NULL, 1, '', 0.00, 120.00, 279.00, 168.00, 'up', 0, 1665647965, 1665647965), (82, '75,80', '绿色,26寸', 26, '', 18, NULL, 0, '', 0.00, 120.00, 279.00, 168.00, 'up', 0, 1665647965, 1665647965), (83, '76,80', '黑色,26寸', 26, '', 45, NULL, 1, '', 0.00, 120.00, 279.00, 168.00, 'up', 0, 1665647965, 1665647965), (89, NULL, NULL, 29, NULL, 17, NULL, 1, '', 2.00, 120.00, 368.00, 298.00, 'up', 0, 1665647965, 1665647965), (90, NULL, NULL, 30, NULL, 25, NULL, 3, '', 0.00, 9.80, 20.00, 16.00, 'up', 0, 1665647965, 1665647965), (91, NULL, NULL, 31, NULL, 10, NULL, 7, '', 0.00, 12.00, 0.00, 15.00, 'up', 0, 1665647965, 1665647965);

-- 商品服务
INSERT INTO `__PREFIX__shopro_goods_service` (`id`, `name`, `image`, `description`, `createtime`, `updatetime`) VALUES (1, '正品保障', '/assets/addons/shopro/img/test/real.png', '正品保障，假一赔十', 1669008712, 1670051584), (2, '7天无理由退换', '/assets/addons/shopro/img/test/seven.png', '满足相应条件（吊牌缺失,洗涤后不支持）时，消费者可 申请“7天无理由退换货”', 1669008712, 1670051591), (3, '退货运费险', '/assets/addons/shopro/img/test/dispatch_fee.png', '卖家投保退货运费险，负担一定金额退货运费', 1669008712, 1669008712), (4, '极速退款', '/assets/addons/shopro/img/test/refund.png', '卖家投保退货运费险，负担一定金额退货运费', 1669008712, 1669008712);

-- 常见问题
INSERT INTO `__PREFIX__shopro_data_faq` (`id`, `title`, `content`, `status`, `createtime`, `updatetime`) VALUES (1, '商品退货了，谁承担运费？', '亲，平台运费规则秉承“谁过错，谁承担”的原则,如非商家或者物流问题，建议您联系商家协商处理，售后，退货运费需要您自行承担;如商品存在质量问题、商家发错货等情况，退货运费由商家承担。为了更好的保障您的权益，请您保留好相关凭证,退货物流费用麻烦您先垫付，不要使用到付，待商家收到您寄回的商品，退款成功后，您可以凭借凭证联系商家处理~', 'normal', 1669008712, 1669008712), (2, '付款后订单显示待付款？', '如您账户显示已扣款，但订单交易状态显示”等待付款”，可能是由于网络繁忙导致数据延迟，建议您稍后关注订单交易状态以及交易账户流水情况。', 'normal', 1669008712, 1669008712), (3, '发货时间', '一般情况下，用户下单后48小时内发货', 'normal', 1669008712, 1669008712);